order_id,order_name,created_at,created_at_melbourne,created_date_melbourne,processed_at,processed_at_melbourne,source_name,attribution_handle,app_id,app_name,financial_status,fulfillment_status,cancelled_at,cancel_reason,test,edited,fully_paid,payment_gateway_names,presentment_currency,shipping_country_code,line_item_count,current_total_amount,total_refunded_amount,found_in_ga4_purchase_events,found_in_ga4_purchase_items,classification
6606500200587,STE138301,2026-06-30T14:13:02Z,2026-07-01T00:13:02+10:00,2026-07-01,2026-06-30T14:12:58Z,2026-07-01T00:12:58+10:00,web,web,gid://shopify/App/580111,Online Store,PAID,FULFILLED,,,False,False,True,shopify_payments,AUD,AU,3,307.1,0.0,True,True,complete_ga4_purchase
6606579007627,STE138302,2026-06-30T15:12:54Z,2026-07-01T01:12:54+10:00,2026-07-01,2026-06-30T15:12:53Z,2026-07-01T01:12:53+10:00,4200331,refundid,gid://shopify/App/4200331,Refundid: Returns Portal,PAID,FULFILLED,,,False,False,True,manual,AUD,AU,1,169.0,0.0,False,False,absent_from_ga4
6606843019403,STE138303,2026-06-30T18:11:08Z,2026-07-01T04:11:08+10:00,2026-07-01,2026-06-30T18:11:04Z,2026-07-01T04:11:04+10:00,web,web,gid://shopify/App/580111,Online Store,PAID,FULFILLED,,,False,False,True,Airwallex Afterpay|shopify_payments,AUD,AU,2,331.2,0.0,True,True,complete_ga4_purchase
6606969307275,STE138304,2026-06-30T19:39:27Z,2026-07-01T05:39:27+10:00,2026-07-01,2026-06-30T19:39:22Z,2026-07-01T05:39:22+10:00,web,web,gid://shopify/App/580111,Online Store,PAID,FULFILLED,,,False,False,True,shopify_payments,AUD,AU,2,230.0,0.0,True,True,complete_ga4_purchase
6607094251659,STE138305,2026-06-30T21:02:01Z,2026-07-01T07:02:01+10:00,2026-07-01,2026-06-30T21:01:57Z,2026-07-01T07:01:57+10:00,web,web,gid://shopify/App/580111,Online Store,PAID,FULFILLED,,,False,False,True,shopify_payments,AUD,AU,2,168.0,0.0,True,True,complete_ga4_purchase
6607102869643,STE138306,2026-06-30T21:08:05Z,2026-07-01T07:08:05+10:00,2026-07-01,2026-06-30T21:08:01Z,2026-07-01T07:08:01+10:00,web,web,gid://shopify/App/580111,Online Store,PAID,FULFILLED,,,False,False,True,shopify_payments,AUD,AU,1,79.0,0.0,True,True,complete_ga4_purchase
6607169028235,STE138307,2026-06-30T21:59:04Z,2026-07-01T07:59:04+10:00,2026-07-01,2026-06-30T21:58:59Z,2026-07-01T07:58:59+10:00,web,web,gid://shopify/App/580111,Online Store,PAID,FULFILLED,,,False,False,True,shopify_payments,AUD,AU,6,620.4,0.0,True,True,complete_ga4_purchase
6607180005515,STE138308,2026-06-30T22:07:50Z,2026-07-01T08:07:50+10:00,2026-07-01,2026-06-30T22:07:45Z,2026-07-01T08:07:45+10:00,web,web,gid://shopify/App/580111,Online Store,PAID,FULFILLED,,,False,False,True,shopify_payments,AUD,AU,2,218.0,0.0,True,True,complete_ga4_purchase
6607315861643,STE138309,2026-07-01T00:08:15Z,2026-07-01T10:08:15+10:00,2026-07-01,2026-07-01T00:08:11Z,2026-07-01T10:08:11+10:00,web,web,gid://shopify/App/580111,Online Store,PAID,FULFILLED,,,False,False,True,shopify_payments,AUD,AU,2,240.0,0.0,True,True,complete_ga4_purchase
6607327559819,STE138310,2026-07-01T00:19:33Z,2026-07-01T10:19:33+10:00,2026-07-01,2026-07-01T00:19:29Z,2026-07-01T10:19:29+10:00,web,web,gid://shopify/App/580111,Online Store,PAID,FULFILLED,,,False,False,True,shopify_payments,AUD,AU,1,259.0,0.0,True,True,complete_ga4_purchase
6607458533515,STE138311,2026-07-01T02:17:35Z,2026-07-01T12:17:35+10:00,2026-07-01,2026-07-01T02:17:30Z,2026-07-01T12:17:30+10:00,web,web,gid://shopify/App/580111,Online Store,PAID,FULFILLED,,,False,False,True,gift_card|shopify_payments,AUD,AU,1,207.1,0.0,True,True,complete_ga4_purchase
6607471575179,STE138312,2026-07-01T02:29:20Z,2026-07-01T12:29:20+10:00,2026-07-01,2026-07-01T02:29:16Z,2026-07-01T12:29:16+10:00,web,web,gid://shopify/App/580111,Online Store,PAID,FULFILLED,,,False,False,True,shopify_payments,AUD,AU,1,79.0,0.0,True,True,complete_ga4_purchase
6607509848203,STE138313,2026-07-01T03:00:33Z,2026-07-01T13:00:33+10:00,2026-07-01,2026-07-01T03:00:31Z,2026-07-01T13:00:31+10:00,web,web,gid://shopify/App/580111,Online Store,PAID,FULFILLED,,,False,False,True,Airwallex Afterpay|gift_card,AUD,AU,1,259.0,0.0,True,True,complete_ga4_purchase
6607743811723,STE138314,2026-07-01T05:17:24Z,2026-07-01T15:17:24+10:00,2026-07-01,2026-07-01T05:17:23Z,2026-07-01T15:17:23+10:00,web,web,gid://shopify/App/580111,Online Store,PAID,FULFILLED,,,False,False,True,Airwallex Klarna,AUD,AU,1,129.0,0.0,True,True,complete_ga4_purchase
6607783166091,STE138315,2026-07-01T05:43:22Z,2026-07-01T15:43:22+10:00,2026-07-01,2026-07-01T05:43:21Z,2026-07-01T15:43:21+10:00,web,web,gid://shopify/App/580111,Online Store,PAID,FULFILLED,,,False,False,True,paypal,AUD,AU,1,259.0,0.0,True,True,complete_ga4_purchase
6607790899339,STE138316,2026-07-01T05:51:02Z,2026-07-01T15:51:02+10:00,2026-07-01,2026-07-01T05:50:59Z,2026-07-01T15:50:59+10:00,shopify_draft_order,shopify-draft-orders,gid://shopify/App/1354745,Draft Orders,PAID,FULFILLED,,,False,False,True,shopify_payments,AUD,AU,2,338.0,0.0,True,True,complete_ga4_purchase
6607814492299,STE138317,2026-07-01T06:20:20Z,2026-07-01T16:20:20+10:00,2026-07-01,2026-07-01T06:20:19Z,2026-07-01T16:20:19+10:00,web,web,gid://shopify/App/580111,Online Store,PARTIALLY_REFUNDED,FULFILLED,,,False,True,True,paypal,AUD,AU,1,137.2,31.8,True,True,complete_ga4_purchase
6607835463819,STE138318,2026-07-01T06:47:53Z,2026-07-01T16:47:53+10:00,2026-07-01,2026-07-01T06:47:48Z,2026-07-01T16:47:48+10:00,web,web,gid://shopify/App/580111,Online Store,PAID,FULFILLED,,,False,False,True,shopify_payments,AUD,AU,1,181.0,0.0,False,False,absent_from_ga4
6607870165131,STE138319,2026-07-01T07:18:51Z,2026-07-01T17:18:51+10:00,2026-07-01,2026-07-01T07:18:51Z,2026-07-01T17:18:51+10:00,4200331,refundid,gid://shopify/App/4200331,Refundid: Returns Portal,PAID,FULFILLED,,,False,False,True,manual,AUD,AU,1,169.0,0.0,False,False,absent_from_ga4
6607934488715,STE138320,2026-07-01T08:16:41Z,2026-07-01T18:16:41+10:00,2026-07-01,2026-07-01T08:16:38Z,2026-07-01T18:16:38+10:00,web,web,gid://shopify/App/580111,Online Store,PAID,FULFILLED,,,False,False,True,shopify_payments,AUD,AU,1,243.1,0.0,True,True,complete_ga4_purchase
6608000254091,STE138321,2026-07-01T09:52:52Z,2026-07-01T19:52:52+10:00,2026-07-01,2026-07-01T09:52:49Z,2026-07-01T19:52:49+10:00,web,web,gid://shopify/App/580111,Online Store,PAID,FULFILLED,,,False,False,True,shopify_payments,AUD,AU,1,99.0,0.0,True,True,complete_ga4_purchase
6608041509003,STE138322,2026-07-01T10:45:00Z,2026-07-01T20:45:00+10:00,2026-07-01,2026-07-01T10:44:58Z,2026-07-01T20:44:58+10:00,web,web,gid://shopify/App/580111,Online Store,PAID,FULFILLED,,,False,False,True,paypal,AUD,AU,6,744.0,0.0,True,True,complete_ga4_purchase
6608050978955,STE138323,2026-07-01T10:57:07Z,2026-07-01T20:57:07+10:00,2026-07-01,2026-07-01T10:57:04Z,2026-07-01T20:57:04+10:00,shopify_draft_order,shopify-draft-orders,gid://shopify/App/1354745,Draft Orders,PAID,FULFILLED,,,False,False,True,shopify_payments,AUD,AU,1,51.17,0.0,False,False,absent_from_ga4
6608072474763,STE138324,2026-07-01T11:21:39Z,2026-07-01T21:21:39+10:00,2026-07-01,2026-07-01T11:21:35Z,2026-07-01T21:21:35+10:00,web,web,gid://shopify/App/580111,Online Store,PAID,FULFILLED,,,False,False,True,shopify_payments,AUD,AU,1,162.1,0.0,True,True,complete_ga4_purchase
6608079945867,STE138325,2026-07-01T11:29:54Z,2026-07-01T21:29:54+10:00,2026-07-01,2026-07-01T11:29:53Z,2026-07-01T21:29:53+10:00,web,web,gid://shopify/App/580111,Online Store,PAID,FULFILLED,,,False,False,True,Airwallex Afterpay,AUD,AU,1,209.1,0.0,True,True,complete_ga4_purchase
6608091873419,STE138326,2026-07-01T11:41:44Z,2026-07-01T21:41:44+10:00,2026-07-01,2026-07-01T11:41:41Z,2026-07-01T21:41:41+10:00,web,web,gid://shopify/App/580111,Online Store,PAID,FULFILLED,,,False,False,True,shopify_payments,AUD,AU,2,348.1,0.0,True,True,complete_ga4_purchase
6608092725387,STE138327,2026-07-01T11:42:26Z,2026-07-01T21:42:26+10:00,2026-07-01,2026-07-01T11:42:22Z,2026-07-01T21:42:22+10:00,web,web,gid://shopify/App/580111,Online Store,PAID,FULFILLED,,,False,False,True,shopify_payments,AUD,AU,1,245.1,0.0,True,True,complete_ga4_purchase
6608093118603,STE138328,2026-07-01T11:42:55Z,2026-07-01T21:42:55+10:00,2026-07-01,2026-07-01T11:42:52Z,2026-07-01T21:42:52+10:00,web,web,gid://shopify/App/580111,Online Store,PAID,FULFILLED,,,False,False,True,shopify_payments,AUD,AU,1,79.0,0.0,True,True,complete_ga4_purchase
6608119922827,STE138329,2026-07-01T12:08:53Z,2026-07-01T22:08:53+10:00,2026-07-01,2026-07-01T12:08:49Z,2026-07-01T22:08:49+10:00,web,web,gid://shopify/App/580111,Online Store,PARTIALLY_REFUNDED,FULFILLED,,,False,True,True,shopify_payments,AUD,AU,2,165.05,139.15,True,True,complete_ga4_purchase
6608124510347,STE138330,2026-07-01T12:13:18Z,2026-07-01T22:13:18+10:00,2026-07-01,2026-07-01T12:13:14Z,2026-07-01T22:13:14+10:00,web,web,gid://shopify/App/580111,Online Store,PAID,FULFILLED,,,False,False,True,shopify_payments,AUD,AU,2,148.1,0.0,True,True,complete_ga4_purchase
6608148955275,STE138331,2026-07-01T12:36:48Z,2026-07-01T22:36:48+10:00,2026-07-01,2026-07-01T12:36:43Z,2026-07-01T22:36:43+10:00,web,web,gid://shopify/App/580111,Online Store,PAID,FULFILLED,,,False,False,True,shopify_payments,AUD,AU,3,267.0,0.0,True,True,complete_ga4_purchase
6608334782603,STE138332,2026-07-01T14:35:10Z,2026-07-02T00:35:10+10:00,2026-07-02,2026-07-01T14:35:09Z,2026-07-02T00:35:09+10:00,web,web,gid://shopify/App/580111,Online Store,PAID,FULFILLED,,,False,False,True,Airwallex Klarna,AUD,AU,1,169.0,0.0,True,True,complete_ga4_purchase
6608380166283,STE138333,2026-07-01T15:08:41Z,2026-07-02T01:08:41+10:00,2026-07-02,2026-07-01T15:08:39Z,2026-07-02T01:08:39+10:00,web,web,gid://shopify/App/580111,Online Store,PAID,FULFILLED,,,False,False,True,Airwallex Afterpay,AUD,AU,1,171.0,0.0,True,True,complete_ga4_purchase
6608638247051,STE138334,2026-07-01T17:55:00Z,2026-07-02T03:55:00+10:00,2026-07-02,2026-07-01T17:54:57Z,2026-07-02T03:54:57+10:00,web,web,gid://shopify/App/580111,Online Store,PAID,FULFILLED,,,False,False,True,shopify_payments,AUD,AU,1,189.1,0.0,True,True,complete_ga4_purchase
6608697426059,STE138335,2026-07-01T18:34:09Z,2026-07-02T04:34:09+10:00,2026-07-02,2026-07-01T18:34:06Z,2026-07-02T04:34:06+10:00,web,web,gid://shopify/App/580111,Online Store,PAID,FULFILLED,,,False,False,True,shopify_payments,AUD,AU,1,139.0,0.0,False,False,absent_from_ga4
6608853106827,STE138336,2026-07-01T20:24:20Z,2026-07-02T06:24:20+10:00,2026-07-02,2026-07-01T20:24:17Z,2026-07-02T06:24:17+10:00,web,web,gid://shopify/App/580111,Online Store,PAID,FULFILLED,,,False,False,True,shopify_payments,AUD,AU,1,169.0,0.0,True,True,complete_ga4_purchase
6608871489675,STE138337,2026-07-01T20:34:49Z,2026-07-02T06:34:49+10:00,2026-07-02,2026-07-01T20:34:43Z,2026-07-02T06:34:43+10:00,web,web,gid://shopify/App/580111,Online Store,PAID,FULFILLED,,,False,False,True,shopify_payments,AUD,AU,1,119.0,0.0,False,False,absent_from_ga4
6608875651211,STE138338,2026-07-01T20:38:11Z,2026-07-02T06:38:11+10:00,2026-07-02,2026-07-01T20:38:07Z,2026-07-02T06:38:07+10:00,web,web,gid://shopify/App/580111,Online Store,PAID,FULFILLED,,,False,False,True,shopify_payments,AUD,AU,2,298.0,0.0,False,False,absent_from_ga4
6608878764171,STE138339,2026-07-01T20:40:23Z,2026-07-02T06:40:23+10:00,2026-07-02,2026-07-01T20:40:18Z,2026-07-02T06:40:18+10:00,web,web,gid://shopify/App/580111,Online Store,PAID,FULFILLED,,,False,False,True,shopify_payments,AUD,AU,2,218.0,0.0,True,True,complete_ga4_purchase
6608892395659,STE138340,2026-07-01T20:50:13Z,2026-07-02T06:50:13+10:00,2026-07-02,2026-07-01T20:50:08Z,2026-07-02T06:50:08+10:00,web,web,gid://shopify/App/580111,Online Store,PAID,FULFILLED,,,False,False,True,shopify_payments,AUD,AU,2,252.1,0.0,True,True,complete_ga4_purchase
6608900685963,STE138341,2026-07-01T20:56:40Z,2026-07-02T06:56:40+10:00,2026-07-02,2026-07-01T20:56:38Z,2026-07-02T06:56:38+10:00,web,web,gid://shopify/App/580111,Online Store,PAID,FULFILLED,,,False,False,True,Airwallex Afterpay,AUD,AU,2,258.0,0.0,True,True,complete_ga4_purchase
6608917725323,STE138342,2026-07-01T21:08:19Z,2026-07-02T07:08:19+10:00,2026-07-02,2026-07-01T21:08:15Z,2026-07-02T07:08:15+10:00,web,web,gid://shopify/App/580111,Online Store,PAID,FULFILLED,,,False,False,True,shopify_payments,AUD,AU,2,258.0,0.0,True,True,complete_ga4_purchase
6609032446091,STE138343,2026-07-01T22:34:48Z,2026-07-02T08:34:48+10:00,2026-07-02,2026-07-01T22:34:46Z,2026-07-02T08:34:46+10:00,web,web,gid://shopify/App/580111,Online Store,PAID,FULFILLED,,,False,False,True,paypal,AUD,AU,1,131.0,0.0,True,True,complete_ga4_purchase
6609108500619,STE138344,2026-07-01T23:39:43Z,2026-07-02T09:39:43+10:00,2026-07-02,2026-07-01T23:39:39Z,2026-07-02T09:39:39+10:00,web,web,gid://shopify/App/580111,Online Store,PAID,FULFILLED,,,False,False,True,shopify_payments,AUD,AU,2,218.0,0.0,True,True,complete_ga4_purchase
6609113022603,STE138345,2026-07-01T23:43:40Z,2026-07-02T09:43:40+10:00,2026-07-02,2026-07-01T23:43:39Z,2026-07-02T09:43:39+10:00,web,web,gid://shopify/App/580111,Online Store,PAID,FULFILLED,,,False,False,True,paypal,AUD,AU,1,189.1,0.0,True,True,complete_ga4_purchase
6609166893195,STE138346,2026-07-02T00:32:53Z,2026-07-02T10:32:53+10:00,2026-07-02,2026-07-02T00:32:52Z,2026-07-02T10:32:52+10:00,web,web,gid://shopify/App/580111,Online Store,PAID,FULFILLED,,,False,False,True,Airwallex Afterpay,AUD,AU,1,245.1,0.0,True,True,complete_ga4_purchase
6609191829643,STE138347,2026-07-02T00:54:54Z,2026-07-02T10:54:54+10:00,2026-07-02,2026-07-02T00:54:52Z,2026-07-02T10:54:52+10:00,web,web,gid://shopify/App/580111,Online Store,PAID,FULFILLED,,,False,False,True,paypal,AUD,AU,1,169.0,0.0,True,True,complete_ga4_purchase
6609241112715,STE138348,2026-07-02T01:38:45Z,2026-07-02T11:38:45+10:00,2026-07-02,2026-07-02T01:38:42Z,2026-07-02T11:38:42+10:00,web,web,gid://shopify/App/580111,Online Store,PAID,FULFILLED,,,False,False,True,shopify_payments,AUD,AU,1,79.0,0.0,True,True,complete_ga4_purchase
6609333649547,STE138349,2026-07-02T03:05:27Z,2026-07-02T13:05:27+10:00,2026-07-02,2026-07-02T03:05:27Z,2026-07-02T13:05:27+10:00,shopify_draft_order,shopify-draft-orders,gid://shopify/App/1354745,Draft Orders,PAID,FULFILLED,,,False,False,True,,AUD,AU,1,0.0,0.0,False,False,absent_from_ga4
6609335353483,STE138350,2026-07-02T03:07:09Z,2026-07-02T13:07:09+10:00,2026-07-02,2026-07-02T03:07:09Z,2026-07-02T13:07:09+10:00,shopify_draft_order,shopify-draft-orders,gid://shopify/App/1354745,Draft Orders,PAID,FULFILLED,,,False,False,True,,AUD,AU,1,0.0,0.0,False,False,absent_from_ga4
6609336565899,STE138351,2026-07-02T03:08:27Z,2026-07-02T13:08:27+10:00,2026-07-02,2026-07-02T03:08:27Z,2026-07-02T13:08:27+10:00,shopify_draft_order,shopify-draft-orders,gid://shopify/App/1354745,Draft Orders,PAID,FULFILLED,,,False,False,True,,AUD,AU,1,0.0,0.0,False,False,absent_from_ga4
6609337155723,STE138352,2026-07-02T03:09:02Z,2026-07-02T13:09:02+10:00,2026-07-02,2026-07-02T03:08:58Z,2026-07-02T13:08:58+10:00,web,web,gid://shopify/App/580111,Online Store,PAID,FULFILLED,,,False,False,True,shopify_payments,AUD,AU,2,188.0,0.0,False,False,absent_from_ga4
6609339252875,STE138353,2026-07-02T03:11:09Z,2026-07-02T13:11:09+10:00,2026-07-02,2026-07-02T03:11:08Z,2026-07-02T13:11:08+10:00,shopify_draft_order,shopify-draft-orders,gid://shopify/App/1354745,Draft Orders,PAID,FULFILLED,,,False,False,True,,AUD,AU,1,0.0,0.0,False,False,absent_from_ga4
6609389748363,STE138354,2026-07-02T04:02:10Z,2026-07-02T14:02:10+10:00,2026-07-02,2026-07-02T04:02:05Z,2026-07-02T14:02:05+10:00,web,web,gid://shopify/App/580111,Online Store,PAID,FULFILLED,,,False,False,True,shopify_payments,AUD,AU,4,486.0,0.0,True,True,complete_ga4_purchase
6609409704075,STE138355,2026-07-02T04:16:58Z,2026-07-02T14:16:58+10:00,2026-07-02,2026-07-02T04:16:54Z,2026-07-02T14:16:54+10:00,web,web,gid://shopify/App/580111,Online Store,PAID,FULFILLED,,,False,False,True,shopify_payments,AUD,AU,2,168.0,0.0,True,True,complete_ga4_purchase
6609416716427,STE138356,2026-07-02T04:24:23Z,2026-07-02T14:24:23+10:00,2026-07-02,2026-07-02T04:24:19Z,2026-07-02T14:24:19+10:00,web,web,gid://shopify/App/580111,Online Store,PAID,FULFILLED,,,False,False,True,shopify_payments,AUD,AU,1,99.0,0.0,True,True,complete_ga4_purchase
6609602347147,STE138357,2026-07-02T05:30:26Z,2026-07-02T15:30:26+10:00,2026-07-02,2026-07-02T05:30:22Z,2026-07-02T15:30:22+10:00,web,web,gid://shopify/App/580111,Online Store,PAID,FULFILLED,,,False,False,True,shopify_payments,AUD,AU,3,267.0,0.0,True,True,complete_ga4_purchase
6609694523531,STE138358,2026-07-02T07:06:53Z,2026-07-02T17:06:53+10:00,2026-07-02,2026-07-02T07:06:49Z,2026-07-02T17:06:49+10:00,web,web,gid://shopify/App/580111,Online Store,PAID,FULFILLED,,,False,False,True,shopify_payments,CHF,CH,2,586.77,0.0,False,False,absent_from_ga4
6609717756043,STE138359,2026-07-02T07:23:09Z,2026-07-02T17:23:09+10:00,2026-07-02,2026-07-02T07:23:06Z,2026-07-02T17:23:06+10:00,web,web,gid://shopify/App/580111,Online Store,PAID,FULFILLED,,,False,False,True,shopify_payments,AUD,AU,1,79.0,0.0,True,True,complete_ga4_purchase
6609742528651,STE138360,2026-07-02T07:54:12Z,2026-07-02T17:54:12+10:00,2026-07-02,2026-07-02T07:54:07Z,2026-07-02T17:54:07+10:00,web,web,gid://shopify/App/580111,Online Store,PAID,FULFILLED,,,False,False,True,shopify_payments,AUD,AU,1,141.0,0.0,True,True,complete_ga4_purchase
6609773527179,STE138361,2026-07-02T08:09:35Z,2026-07-02T18:09:35+10:00,2026-07-02,2026-07-02T08:09:34Z,2026-07-02T18:09:34+10:00,web,web,gid://shopify/App/580111,Online Store,PAID,FULFILLED,,,False,False,True,paypal,AUD,AU,2,198.0,0.0,True,True,complete_ga4_purchase
6609925406859,STE138362,2026-07-02T10:58:37Z,2026-07-02T20:58:37+10:00,2026-07-02,2026-07-02T10:58:33Z,2026-07-02T20:58:33+10:00,web,web,gid://shopify/App/580111,Online Store,PAID,FULFILLED,,,False,False,True,shopify_payments,AUD,AU,1,109.0,0.0,False,False,absent_from_ga4
6610030690443,STE138363,2026-07-02T12:20:50Z,2026-07-02T22:20:50+10:00,2026-07-02,2026-07-02T12:20:49Z,2026-07-02T22:20:49+10:00,web,web,gid://shopify/App/580111,Online Store,PAID,FULFILLED,,,False,False,True,paypal,AUD,AU,1,79.0,0.0,True,True,complete_ga4_purchase
6610062016651,STE138364,2026-07-02T12:47:42Z,2026-07-02T22:47:42+10:00,2026-07-02,2026-07-02T12:47:40Z,2026-07-02T22:47:40+10:00,web,web,gid://shopify/App/580111,Online Store,PAID,FULFILLED,,,False,False,True,gift_card,AUD,AU,1,159.0,0.0,True,True,complete_ga4_purchase
6610078892171,STE138365,2026-07-02T13:00:20Z,2026-07-02T23:00:20+10:00,2026-07-02,2026-07-02T13:00:19Z,2026-07-02T23:00:19+10:00,web,web,gid://shopify/App/580111,Online Store,PAID,PARTIALLY_FULFILLED,,,False,False,True,Airwallex Afterpay|gift_card,AUD,AU,2,158.0,0.0,False,False,absent_from_ga4
6610119131275,STE138366,2026-07-02T13:10:57Z,2026-07-02T23:10:57+10:00,2026-07-02,2026-07-02T13:10:54Z,2026-07-02T23:10:54+10:00,web,web,gid://shopify/App/580111,Online Store,PAID,FULFILLED,,,False,False,True,shopify_payments,AUD,AU,2,418.0,0.0,False,False,absent_from_ga4
6610262163595,STE138367,2026-07-02T14:28:50Z,2026-07-03T00:28:50+10:00,2026-07-03,2026-07-02T14:28:50Z,2026-07-03T00:28:50+10:00,shopify_draft_order,shopify-draft-orders,gid://shopify/App/1354745,Draft Orders,PAID,FULFILLED,,,False,False,True,manual,AUD,AU,2,258.0,0.0,False,False,absent_from_ga4
6610299879563,STE138368,2026-07-02T14:55:36Z,2026-07-03T00:55:36+10:00,2026-07-03,2026-07-02T14:55:34Z,2026-07-03T00:55:34+10:00,web,web,gid://shopify/App/580111,Online Store,PAID,FULFILLED,,,False,False,True,Airwallex Afterpay,AUD,AU,3,217.0,0.0,True,True,complete_ga4_purchase
6610901074059,STE138369,2026-07-02T20:52:20Z,2026-07-03T06:52:20+10:00,2026-07-03,2026-07-02T20:52:15Z,2026-07-03T06:52:15+10:00,web,web,gid://shopify/App/580111,Online Store,PAID,FULFILLED,,,False,False,True,shopify_payments,AUD,AU,1,153.1,0.0,True,True,complete_ga4_purchase
6611021168779,STE138370,2026-07-02T22:25:02Z,2026-07-03T08:25:02+10:00,2026-07-03,2026-07-02T22:25:01Z,2026-07-03T08:25:01+10:00,web,web,gid://shopify/App/580111,Online Store,PAID,FULFILLED,,,False,False,True,paypal,AUD,AU,2,186.1,0.0,True,True,complete_ga4_purchase
6611142344843,STE138371,2026-07-03T00:16:59Z,2026-07-03T10:16:59+10:00,2026-07-03,2026-07-03T00:16:54Z,2026-07-03T10:16:54+10:00,web,web,gid://shopify/App/580111,Online Store,PAID,FULFILLED,,,False,False,True,shopify_payments,AUD,AU,1,79.0,0.0,True,True,complete_ga4_purchase
6611258507403,STE138372,2026-07-03T02:12:18Z,2026-07-03T12:12:18+10:00,2026-07-03,2026-07-03T02:12:17Z,2026-07-03T12:12:17+10:00,web,web,gid://shopify/App/580111,Online Store,PAID,FULFILLED,,,False,False,True,Airwallex Afterpay,AUD,AU,2,251.2,0.0,True,True,complete_ga4_purchase
6611266142347,STE138373,2026-07-03T02:20:03Z,2026-07-03T12:20:03+10:00,2026-07-03,2026-07-03T02:19:58Z,2026-07-03T12:19:58+10:00,web,web,gid://shopify/App/580111,Online Store,PAID,FULFILLED,,,False,False,True,shopify_payments,AUD,AU,1,181.0,0.0,True,True,complete_ga4_purchase
6611266928779,STE138374,2026-07-03T02:20:47Z,2026-07-03T12:20:47+10:00,2026-07-03,2026-07-03T02:20:46Z,2026-07-03T12:20:46+10:00,shopify_draft_order,shopify-draft-orders,gid://shopify/App/1354745,Draft Orders,PAID,FULFILLED,,,False,False,True,,AUD,AU,1,0.0,0.0,False,False,absent_from_ga4
6611269091467,STE138375,2026-07-03T02:22:59Z,2026-07-03T12:22:59+10:00,2026-07-03,2026-07-03T02:22:59Z,2026-07-03T12:22:59+10:00,shopify_draft_order,shopify-draft-orders,gid://shopify/App/1354745,Draft Orders,PAID,FULFILLED,,,False,False,True,,AUD,AU,1,0.0,0.0,False,False,absent_from_ga4
6611270467723,STE138376,2026-07-03T02:24:46Z,2026-07-03T12:24:46+10:00,2026-07-03,2026-07-03T02:24:45Z,2026-07-03T12:24:45+10:00,shopify_draft_order,shopify-draft-orders,gid://shopify/App/1354745,Draft Orders,PAID,FULFILLED,,,False,False,True,,AUD,AU,1,0.0,0.0,False,False,absent_from_ga4
6611272073355,STE138377,2026-07-03T02:26:16Z,2026-07-03T12:26:16+10:00,2026-07-03,2026-07-03T02:26:16Z,2026-07-03T12:26:16+10:00,shopify_draft_order,shopify-draft-orders,gid://shopify/App/1354745,Draft Orders,PAID,FULFILLED,,,False,False,True,,AUD,AU,1,0.0,0.0,False,False,absent_from_ga4
6611428442251,STE138378,2026-07-03T04:41:50Z,2026-07-03T14:41:50+10:00,2026-07-03,2026-07-03T04:41:48Z,2026-07-03T14:41:48+10:00,web,web,gid://shopify/App/580111,Online Store,PAID,FULFILLED,,,False,False,True,Airwallex Afterpay,AUD,AU,2,268.0,0.0,True,True,complete_ga4_purchase
6611438862475,STE138379,2026-07-03T04:50:18Z,2026-07-03T14:50:18+10:00,2026-07-03,2026-07-03T04:50:17Z,2026-07-03T14:50:17+10:00,web,web,gid://shopify/App/580111,Online Store,PAID,FULFILLED,,,False,False,True,Airwallex Afterpay,AUD,AU,3,289.0,0.0,True,True,complete_ga4_purchase
6611564757131,STE138380,2026-07-03T05:38:30Z,2026-07-03T15:38:30+10:00,2026-07-03,2026-07-03T05:38:26Z,2026-07-03T15:38:26+10:00,web,web,gid://shopify/App/580111,Online Store,PAID,FULFILLED,,,False,False,True,shopify_payments,AUD,AU,3,267.0,0.0,True,True,complete_ga4_purchase
6611826638987,STE138381,2026-07-03T10:41:45Z,2026-07-03T20:41:45+10:00,2026-07-03,2026-07-03T10:41:43Z,2026-07-03T20:41:43+10:00,web,web,gid://shopify/App/580111,Online Store,PAID,FULFILLED,,,False,False,True,Airwallex Afterpay,AUD,AU,1,101.0,0.0,True,True,complete_ga4_purchase
6611955712139,STE138382,2026-07-03T12:47:06Z,2026-07-03T22:47:06+10:00,2026-07-03,2026-07-03T12:47:01Z,2026-07-03T22:47:01+10:00,web,web,gid://shopify/App/580111,Online Store,PAID,FULFILLED,,,False,False,True,shopify_payments,AUD,AU,1,243.1,0.0,True,True,complete_ga4_purchase
6612489994379,STE138383,2026-07-03T17:52:08Z,2026-07-04T03:52:08+10:00,2026-07-04,2026-07-03T17:52:03Z,2026-07-04T03:52:03+10:00,web,web,gid://shopify/App/580111,Online Store,PAID,FULFILLED,,,False,False,True,shopify_payments,NZD,NZ,1,167.2,0.0,True,True,complete_ga4_purchase
6612932067467,STE138384,2026-07-03T23:00:49Z,2026-07-04T09:00:49+10:00,2026-07-04,2026-07-03T23:00:47Z,2026-07-04T09:00:47+10:00,web,web,gid://shopify/App/580111,Online Store,PAID,FULFILLED,,,False,False,True,paypal,AUD,AU,2,210.0,0.0,True,True,complete_ga4_purchase
6613035810955,STE138385,2026-07-04T00:42:47Z,2026-07-04T10:42:47+10:00,2026-07-04,2026-07-04T00:42:40Z,2026-07-04T10:42:40+10:00,web,web,gid://shopify/App/580111,Online Store,PAID,FULFILLED,,,False,False,True,shopify_payments,AUD,AU,1,243.1,0.0,True,True,complete_ga4_purchase
6613169733771,STE138386,2026-07-04T03:02:46Z,2026-07-04T13:02:46+10:00,2026-07-04,2026-07-04T03:02:41Z,2026-07-04T13:02:41+10:00,web,web,gid://shopify/App/580111,Online Store,PAID,FULFILLED,,,False,False,True,shopify_payments,AUD,AU,1,79.0,0.0,True,True,complete_ga4_purchase
6613183299723,STE138387,2026-07-04T03:16:58Z,2026-07-04T13:16:58+10:00,2026-07-04,2026-07-04T03:16:54Z,2026-07-04T13:16:54+10:00,web,web,gid://shopify/App/580111,Online Store,PAID,FULFILLED,,,False,False,True,shopify_payments,AUD,AU,2,128.0,0.0,True,True,complete_ga4_purchase
6613302050955,STE138388,2026-07-04T04:45:39Z,2026-07-04T14:45:39+10:00,2026-07-04,2026-07-04T04:45:35Z,2026-07-04T14:45:35+10:00,web,web,gid://shopify/App/580111,Online Store,PAID,FULFILLED,,,False,False,True,shopify_payments,AUD,AU,1,79.0,0.0,True,True,complete_ga4_purchase
6613306081419,STE138389,2026-07-04T04:50:03Z,2026-07-04T14:50:03+10:00,2026-07-04,2026-07-04T04:49:59Z,2026-07-04T14:49:59+10:00,web,web,gid://shopify/App/580111,Online Store,PAID,FULFILLED,,,False,False,True,shopify_payments,AUD,AU,3,317.0,0.0,True,True,complete_ga4_purchase
6613307490443,STE138390,2026-07-04T04:51:37Z,2026-07-04T14:51:37+10:00,2026-07-04,2026-07-04T04:51:36Z,2026-07-04T14:51:36+10:00,web,web,gid://shopify/App/580111,Online Store,PAID,FULFILLED,,,False,False,True,gift_card,AUD,AU,1,10.0,0.0,True,True,complete_ga4_purchase
6613438038155,STE138391,2026-07-04T05:49:03Z,2026-07-04T15:49:03+10:00,2026-07-04,2026-07-04T05:49:01Z,2026-07-04T15:49:01+10:00,web,web,gid://shopify/App/580111,Online Store,PAID,FULFILLED,,,False,False,True,Airwallex Afterpay,AUD,AU,2,188.0,0.0,True,True,complete_ga4_purchase
6613468971147,STE138392,2026-07-04T06:25:54Z,2026-07-04T16:25:54+10:00,2026-07-04,2026-07-04T06:25:50Z,2026-07-04T16:25:50+10:00,3890849,shop-72,gid://shopify/App/3890849,Shop,PAID,FULFILLED,,,False,False,True,shopify_payments,AUD,AU,1,79.0,0.0,False,False,absent_from_ga4
6613517303947,STE138393,2026-07-04T07:15:11Z,2026-07-04T17:15:11+10:00,2026-07-04,2026-07-04T07:15:06Z,2026-07-04T17:15:06+10:00,web,web,gid://shopify/App/580111,Online Store,PAID,FULFILLED,,,False,False,True,shopify_payments,AUD,AU,1,99.0,0.0,False,False,absent_from_ga4
6613657419915,STE138394,2026-07-04T09:56:53Z,2026-07-04T19:56:53+10:00,2026-07-04,2026-07-04T09:56:52Z,2026-07-04T19:56:52+10:00,web,web,gid://shopify/App/580111,Online Store,PAID,FULFILLED,,,False,False,True,Airwallex Afterpay,AUD,AU,2,268.0,0.0,True,True,complete_ga4_purchase
6613663711371,STE138395,2026-07-04T10:05:22Z,2026-07-04T20:05:22+10:00,2026-07-04,2026-07-04T10:05:21Z,2026-07-04T20:05:21+10:00,web,web,gid://shopify/App/580111,Online Store,PAID,FULFILLED,,,False,False,True,Airwallex Afterpay,AUD,AU,1,99.0,0.0,True,True,complete_ga4_purchase
6613730132107,STE138396,2026-07-04T11:20:46Z,2026-07-04T21:20:46+10:00,2026-07-04,2026-07-04T11:20:41Z,2026-07-04T21:20:41+10:00,web,web,gid://shopify/App/580111,Online Store,PAID,FULFILLED,,,False,False,True,shopify_payments,AUD,AU,1,245.1,0.0,True,True,complete_ga4_purchase
6613807923339,STE138397,2026-07-04T12:28:33Z,2026-07-04T22:28:33+10:00,2026-07-04,2026-07-04T12:28:28Z,2026-07-04T22:28:28+10:00,web,web,gid://shopify/App/580111,Online Store,PAID,FULFILLED,,,False,False,True,shopify_payments,AUD,AU,3,317.0,0.0,True,True,complete_ga4_purchase
6614751608971,STE138398,2026-07-04T22:43:58Z,2026-07-05T08:43:58+10:00,2026-07-05,2026-07-04T22:43:53Z,2026-07-05T08:43:53+10:00,web,web,gid://shopify/App/580111,Online Store,PAID,FULFILLED,,,False,False,True,shopify_payments,AUD,AU,1,181.0,0.0,True,True,complete_ga4_purchase
6614888513675,STE138399,2026-07-05T00:49:26Z,2026-07-05T10:49:26+10:00,2026-07-05,2026-07-05T00:49:21Z,2026-07-05T10:49:21+10:00,web,web,gid://shopify/App/580111,Online Store,PAID,FULFILLED,,,False,False,True,shopify_payments,NZD,NZ,1,167.19,0.0,True,True,complete_ga4_purchase
6614928982155,STE138400,2026-07-05T01:34:19Z,2026-07-05T11:34:19+10:00,2026-07-05,2026-07-05T01:34:16Z,2026-07-05T11:34:16+10:00,web,web,gid://shopify/App/580111,Online Store,PAID,FULFILLED,,,False,False,True,shopify_payments,AUD,AU,3,287.0,0.0,True,True,complete_ga4_purchase
6614934749323,STE138401,2026-07-05T01:40:16Z,2026-07-05T11:40:16+10:00,2026-07-05,2026-07-05T01:40:13Z,2026-07-05T11:40:13+10:00,web,web,gid://shopify/App/580111,Online Store,PAID,FULFILLED,,,False,False,True,shopify_payments,USD,US,1,363.09,0.0,True,True,complete_ga4_purchase
6614935994507,STE138402,2026-07-05T01:41:18Z,2026-07-05T11:41:18+10:00,2026-07-05,2026-07-05T01:41:13Z,2026-07-05T11:41:13+10:00,web,web,gid://shopify/App/580111,Online Store,PAID,FULFILLED,,,False,False,True,shopify_payments,AUD,AU,2,260.0,0.0,True,True,complete_ga4_purchase
6614944186507,STE138403,2026-07-05T01:50:01Z,2026-07-05T11:50:01+10:00,2026-07-05,2026-07-05T01:49:57Z,2026-07-05T11:49:57+10:00,web,web,gid://shopify/App/580111,Online Store,PAID,FULFILLED,,,False,False,True,shopify_payments,AUD,AU,1,271.0,0.0,True,True,complete_ga4_purchase
6614977577099,STE138404,2026-07-05T02:27:38Z,2026-07-05T12:27:38+10:00,2026-07-05,2026-07-05T02:27:34Z,2026-07-05T12:27:34+10:00,web,web,gid://shopify/App/580111,Online Store,PAID,FULFILLED,,,False,False,True,shopify_payments,AUD,AU,1,159.0,0.0,True,True,complete_ga4_purchase
6614989897867,STE138405,2026-07-05T02:40:53Z,2026-07-05T12:40:53+10:00,2026-07-05,2026-07-05T02:40:49Z,2026-07-05T12:40:49+10:00,web,web,gid://shopify/App/580111,Online Store,PAID,FULFILLED,,,False,False,True,shopify_payments,AUD,AU,1,169.0,0.0,True,True,complete_ga4_purchase
6615001137291,STE138406,2026-07-05T02:52:00Z,2026-07-05T12:52:00+10:00,2026-07-05,2026-07-05T02:51:56Z,2026-07-05T12:51:56+10:00,web,web,gid://shopify/App/580111,Online Store,PAID,FULFILLED,,,False,False,True,shopify_payments,AUD,AU,2,188.0,0.0,False,False,absent_from_ga4
6615076995211,STE138407,2026-07-05T04:12:10Z,2026-07-05T14:12:10+10:00,2026-07-05,2026-07-05T04:12:09Z,2026-07-05T14:12:09+10:00,web,web,gid://shopify/App/580111,Online Store,PAID,PARTIALLY_FULFILLED,,,False,False,True,Airwallex Afterpay,AUD,AU,2,178.0,0.0,True,True,complete_ga4_purchase
6615254302859,STE138408,2026-07-05T05:43:00Z,2026-07-05T15:43:00+10:00,2026-07-05,2026-07-05T05:42:59Z,2026-07-05T15:42:59+10:00,web,web,gid://shopify/App/580111,Online Store,PAID,FULFILLED,,,False,False,True,Airwallex Afterpay,AUD,AU,1,211.0,0.0,True,True,complete_ga4_purchase
6615320985739,STE138409,2026-07-05T07:07:05Z,2026-07-05T17:07:05+10:00,2026-07-05,2026-07-05T07:07:03Z,2026-07-05T17:07:03+10:00,web,web,gid://shopify/App/580111,Online Store,PAID,FULFILLED,,,False,False,True,paypal,AUD,AU,2,240.0,0.0,True,True,complete_ga4_purchase
6615347855499,STE138410,2026-07-05T07:27:33Z,2026-07-05T17:27:33+10:00,2026-07-05,2026-07-05T07:27:29Z,2026-07-05T17:27:29+10:00,web,web,gid://shopify/App/580111,Online Store,PAID,FULFILLED,,,False,False,True,shopify_payments,AUD,AU,1,169.0,0.0,True,True,complete_ga4_purchase
6615427973259,STE138411,2026-07-05T08:47:25Z,2026-07-05T18:47:25+10:00,2026-07-05,2026-07-05T08:47:21Z,2026-07-05T18:47:21+10:00,web,web,gid://shopify/App/580111,Online Store,PAID,FULFILLED,,,False,False,True,shopify_payments,AUD,AU,1,229.0,0.0,True,True,complete_ga4_purchase
6615443538059,STE138412,2026-07-05T09:08:19Z,2026-07-05T19:08:19+10:00,2026-07-05,2026-07-05T09:08:15Z,2026-07-05T19:08:15+10:00,web,web,gid://shopify/App/580111,Online Store,PAID,FULFILLED,,,False,False,True,shopify_payments,AUD,AU,2,253.2,0.0,True,True,complete_ga4_purchase
6615454253195,STE138413,2026-07-05T09:22:01Z,2026-07-05T19:22:01+10:00,2026-07-05,2026-07-05T09:22:00Z,2026-07-05T19:22:00+10:00,web,web,gid://shopify/App/580111,Online Store,PAID,FULFILLED,,,False,False,True,Airwallex Afterpay,AUD,AU,1,191.1,0.0,True,True,complete_ga4_purchase
6615479877771,STE138414,2026-07-05T09:56:53Z,2026-07-05T19:56:53+10:00,2026-07-05,2026-07-05T09:56:49Z,2026-07-05T19:56:49+10:00,web,web,gid://shopify/App/580111,Online Store,PAID,FULFILLED,,,False,False,True,shopify_payments,AUD,AU,1,79.0,0.0,True,True,complete_ga4_purchase
6615491870859,STE138415,2026-07-05T10:13:16Z,2026-07-05T20:13:16+10:00,2026-07-05,2026-07-05T10:13:12Z,2026-07-05T20:13:12+10:00,web,web,gid://shopify/App/580111,Online Store,PAID,FULFILLED,,,False,False,True,shopify_payments,AUD,AU,1,179.0,0.0,True,True,complete_ga4_purchase
6615536599179,STE138416,2026-07-05T11:08:28Z,2026-07-05T21:08:28+10:00,2026-07-05,2026-07-05T11:08:26Z,2026-07-05T21:08:26+10:00,web,web,gid://shopify/App/580111,Online Store,PAID,FULFILLED,,,False,False,True,Airwallex Afterpay,AUD,AU,1,89.0,0.0,True,True,complete_ga4_purchase
6615536664715,STE138417,2026-07-05T11:08:46Z,2026-07-05T21:08:46+10:00,2026-07-05,2026-07-05T11:08:41Z,2026-07-05T21:08:41+10:00,web,web,gid://shopify/App/580111,Online Store,PAID,FULFILLED,,,False,False,True,shopify_payments,AUD,AU,1,231.0,0.0,False,False,absent_from_ga4
6615574118539,STE138418,2026-07-05T11:50:21Z,2026-07-05T21:50:21+10:00,2026-07-05,2026-07-05T11:50:17Z,2026-07-05T21:50:17+10:00,web,web,gid://shopify/App/580111,Online Store,PAID,FULFILLED,,,False,False,True,shopify_payments,AUD,AU,1,209.0,0.0,True,True,complete_ga4_purchase
6615596269707,STE138419,2026-07-05T12:11:53Z,2026-07-05T22:11:53+10:00,2026-07-05,2026-07-05T12:11:49Z,2026-07-05T22:11:49+10:00,web,web,gid://shopify/App/580111,Online Store,PAID,FULFILLED,,,False,False,True,shopify_payments,AUD,AU,1,79.0,0.0,True,True,complete_ga4_purchase
6615616782475,STE138420,2026-07-05T12:29:39Z,2026-07-05T22:29:39+10:00,2026-07-05,2026-07-05T12:29:35Z,2026-07-05T22:29:35+10:00,web,web,gid://shopify/App/580111,Online Store,PAID,FULFILLED,,,False,False,True,shopify_payments,AUD,AU,2,466.2,0.0,True,True,complete_ga4_purchase
6615618322571,STE138421,2026-07-05T12:30:52Z,2026-07-05T22:30:52+10:00,2026-07-05,2026-07-05T12:30:48Z,2026-07-05T22:30:48+10:00,web,web,gid://shopify/App/580111,Online Store,PAID,FULFILLED,,,False,False,True,shopify_payments,AUD,AU,1,81.0,0.0,True,True,complete_ga4_purchase
6615635493003,STE138422,2026-07-05T12:46:30Z,2026-07-05T22:46:30+10:00,2026-07-05,2026-07-05T12:46:28Z,2026-07-05T22:46:28+10:00,web,web,gid://shopify/App/580111,Online Store,PAID,FULFILLED,,,False,False,True,Airwallex Afterpay,AUD,AU,2,412.2,0.0,True,True,complete_ga4_purchase
6615656562827,STE138423,2026-07-05T13:03:24Z,2026-07-05T23:03:24+10:00,2026-07-05,2026-07-05T13:03:21Z,2026-07-05T23:03:21+10:00,web,web,gid://shopify/App/580111,Online Store,PAID,FULFILLED,,,False,False,True,Airwallex Afterpay,AUD,AU,2,218.0,0.0,True,True,complete_ga4_purchase
6615719280779,STE138424,2026-07-05T13:40:17Z,2026-07-05T23:40:17+10:00,2026-07-05,2026-07-05T13:40:16Z,2026-07-05T23:40:16+10:00,web,web,gid://shopify/App/580111,Online Store,PAID,FULFILLED,,,False,False,True,Airwallex Afterpay,AUD,AU,1,159.0,0.0,True,True,complete_ga4_purchase
6615803232395,STE138425,2026-07-05T14:32:39Z,2026-07-06T00:32:39+10:00,2026-07-06,2026-07-05T14:32:35Z,2026-07-06T00:32:35+10:00,web,web,gid://shopify/App/580111,Online Store,PAID,FULFILLED,,,False,False,True,shopify_payments,AUD,AU,3,317.0,0.0,True,True,complete_ga4_purchase
6616430149771,STE138426,2026-07-05T21:10:00Z,2026-07-06T07:10:00+10:00,2026-07-06,2026-07-05T21:09:56Z,2026-07-06T07:09:56+10:00,web,web,gid://shopify/App/580111,Online Store,PAID,FULFILLED,,,False,False,True,shopify_payments,AUD,AU,1,59.2,0.0,False,False,absent_from_ga4
6616448761995,STE138427,2026-07-05T21:23:41Z,2026-07-06T07:23:41+10:00,2026-07-06,2026-07-05T21:23:35Z,2026-07-06T07:23:35+10:00,web,web,gid://shopify/App/580111,Online Store,PAID,FULFILLED,,,False,False,True,shopify_payments,AUD,AU,1,59.2,0.0,False,False,absent_from_ga4
6616450760843,STE138428,2026-07-05T21:25:12Z,2026-07-06T07:25:12+10:00,2026-07-06,2026-07-05T21:25:07Z,2026-07-06T07:25:07+10:00,web,web,gid://shopify/App/580111,Online Store,PAID,FULFILLED,,,False,False,True,shopify_payments,AUD,AU,1,145.2,0.0,True,True,complete_ga4_purchase
6616454856843,STE138429,2026-07-05T21:28:12Z,2026-07-06T07:28:12+10:00,2026-07-06,2026-07-05T21:28:08Z,2026-07-06T07:28:08+10:00,web,web,gid://shopify/App/580111,Online Store,PAID,FULFILLED,,,False,False,True,shopify_payments,AUD,AU,1,81.2,0.0,True,True,complete_ga4_purchase
6616457642123,STE138430,2026-07-05T21:29:59Z,2026-07-06T07:29:59+10:00,2026-07-06,2026-07-05T21:29:54Z,2026-07-06T07:29:54+10:00,web,web,gid://shopify/App/580111,Online Store,PAID,FULFILLED,,,False,False,True,shopify_payments,AUD,AU,1,83.2,0.0,True,True,complete_ga4_purchase
6616464359563,STE138431,2026-07-05T21:35:00Z,2026-07-06T07:35:00+10:00,2026-07-06,2026-07-05T21:34:55Z,2026-07-06T07:34:55+10:00,web,web,gid://shopify/App/580111,Online Store,PAID,FULFILLED,,,False,False,True,shopify_payments,AUD,AU,1,89.2,0.0,True,True,complete_ga4_purchase
6616470388875,STE138432,2026-07-05T21:39:58Z,2026-07-06T07:39:58+10:00,2026-07-06,2026-07-05T21:39:54Z,2026-07-06T07:39:54+10:00,web,web,gid://shopify/App/580111,Online Store,PAID,FULFILLED,,,False,False,True,shopify_payments,AUD,AU,1,139.0,0.0,True,True,complete_ga4_purchase
6616479301771,STE138433,2026-07-05T21:48:07Z,2026-07-06T07:48:07+10:00,2026-07-06,2026-07-05T21:48:06Z,2026-07-06T07:48:06+10:00,web,web,gid://shopify/App/580111,Online Store,PAID,FULFILLED,,,False,False,True,Airwallex Afterpay,AUD,AU,1,81.2,0.0,True,True,complete_ga4_purchase
6616490311819,STE138434,2026-07-05T21:59:37Z,2026-07-06T07:59:37+10:00,2026-07-06,2026-07-05T21:59:34Z,2026-07-06T07:59:34+10:00,web,web,gid://shopify/App/580111,Online Store,PAID,FULFILLED,,,False,False,True,shopify_payments,AUD,AU,3,159.6,0.0,True,True,complete_ga4_purchase
6616503484555,STE138435,2026-07-05T22:11:17Z,2026-07-06T08:11:17+10:00,2026-07-06,2026-07-05T22:11:15Z,2026-07-06T08:11:15+10:00,web,web,gid://shopify/App/580111,Online Store,PAID,FULFILLED,,,False,False,True,Airwallex Afterpay,AUD,AU,1,81.2,0.0,False,False,absent_from_ga4
6616503517323,STE138436,2026-07-05T22:11:17Z,2026-07-06T08:11:17+10:00,2026-07-06,2026-07-05T22:11:13Z,2026-07-06T08:11:13+10:00,web,web,gid://shopify/App/580111,Online Store,PAID,FULFILLED,,,False,False,True,shopify_payments,AUD,AU,3,357.4,0.0,True,True,complete_ga4_purchase
6616507515019,STE138437,2026-07-05T22:14:59Z,2026-07-06T08:14:59+10:00,2026-07-06,2026-07-05T22:14:56Z,2026-07-06T08:14:56+10:00,web,web,gid://shopify/App/580111,Online Store,PAID,FULFILLED,,,False,False,True,shopify_payments,AUD,AU,1,129.2,0.0,False,False,absent_from_ga4
6616510431371,STE138438,2026-07-05T22:18:21Z,2026-07-06T08:18:21+10:00,2026-07-06,2026-07-05T22:18:17Z,2026-07-06T08:18:17+10:00,web,web,gid://shopify/App/580111,Online Store,PAID,FULFILLED,,,False,False,True,shopify_payments,AUD,AU,1,113.2,0.0,True,True,complete_ga4_purchase
6616533237899,STE138439,2026-07-05T22:38:35Z,2026-07-06T08:38:35+10:00,2026-07-06,2026-07-05T22:38:34Z,2026-07-06T08:38:34+10:00,web,web,gid://shopify/App/580111,Online Store,PAID,FULFILLED,,,False,False,True,Airwallex Afterpay,AUD,AU,1,137.2,0.0,True,True,complete_ga4_purchase
6616535793803,STE138440,2026-07-05T22:41:15Z,2026-07-06T08:41:15+10:00,2026-07-06,2026-07-05T22:41:11Z,2026-07-06T08:41:11+10:00,web,web,gid://shopify/App/580111,Online Store,PAID,FULFILLED,,,False,False,True,shopify_payments,AUD,AU,1,81.2,0.0,True,True,complete_ga4_purchase
6616538382475,STE138441,2026-07-05T22:43:06Z,2026-07-06T08:43:06+10:00,2026-07-06,2026-07-05T22:43:03Z,2026-07-06T08:43:03+10:00,web,web,gid://shopify/App/580111,Online Store,PAID,FULFILLED,,,False,False,True,shopify_payments,AUD,AU,1,123.2,0.0,True,True,complete_ga4_purchase
6616544084107,STE138442,2026-07-05T22:48:01Z,2026-07-06T08:48:01+10:00,2026-07-06,2026-07-05T22:47:57Z,2026-07-06T08:47:57+10:00,web,web,gid://shopify/App/580111,Online Store,PAID,FULFILLED,,,False,False,True,shopify_payments,AUD,AU,1,137.2,0.0,True,True,complete_ga4_purchase
6616633704587,STE138443,2026-07-06T00:06:00Z,2026-07-06T10:06:00+10:00,2026-07-06,2026-07-06T00:05:59Z,2026-07-06T10:05:59+10:00,web,web,gid://shopify/App/580111,Online Store,PAID,FULFILLED,,,False,False,True,Airwallex Afterpay,AUD,AU,1,229.0,0.0,True,True,complete_ga4_purchase
6616634753163,STE138444,2026-07-06T00:06:54Z,2026-07-06T10:06:54+10:00,2026-07-06,2026-07-06T00:06:53Z,2026-07-06T10:06:53+10:00,web,web,gid://shopify/App/580111,Online Store,PAID,FULFILLED,,,False,False,True,Airwallex Afterpay,AUD,AU,1,207.1,0.0,True,True,complete_ga4_purchase
6616642420875,STE138445,2026-07-06T00:13:30Z,2026-07-06T10:13:30+10:00,2026-07-06,2026-07-06T00:13:26Z,2026-07-06T10:13:26+10:00,web,web,gid://shopify/App/580111,Online Store,PAID,FULFILLED,,,False,False,True,shopify_payments,AUD,AU,2,228.0,0.0,True,True,complete_ga4_purchase
6616651858059,STE138446,2026-07-06T00:22:02Z,2026-07-06T10:22:02+10:00,2026-07-06,2026-07-06T00:22:01Z,2026-07-06T10:22:01+10:00,web,web,gid://shopify/App/580111,Online Store,PAID,FULFILLED,,,False,False,True,Airwallex Afterpay,AUD,AU,1,229.0,0.0,False,False,absent_from_ga4
6616657297547,STE138447,2026-07-06T00:26:16Z,2026-07-06T10:26:16+10:00,2026-07-06,2026-07-06T00:26:14Z,2026-07-06T10:26:14+10:00,web,web,gid://shopify/App/580111,Online Store,PAID,FULFILLED,,,False,False,True,paypal,AUD,AU,3,239.6,0.0,False,False,absent_from_ga4
6616662376587,STE138448,2026-07-06T00:30:39Z,2026-07-06T10:30:39+10:00,2026-07-06,2026-07-06T00:30:38Z,2026-07-06T10:30:38+10:00,web,web,gid://shopify/App/580111,Online Store,PAID,FULFILLED,,,False,False,True,Airwallex Afterpay,AUD,AU,1,89.2,0.0,True,True,complete_ga4_purchase
6616669913227,STE138449,2026-07-06T00:37:09Z,2026-07-06T10:37:09+10:00,2026-07-06,2026-07-06T00:37:05Z,2026-07-06T10:37:05+10:00,web,web,gid://shopify/App/580111,Online Store,PAID,FULFILLED,,,False,False,True,shopify_payments,AUD,AU,2,168.4,0.0,True,True,complete_ga4_purchase
6616670797963,STE138450,2026-07-06T00:37:56Z,2026-07-06T10:37:56+10:00,2026-07-06,2026-07-06T00:37:52Z,2026-07-06T10:37:52+10:00,web,web,gid://shopify/App/580111,Online Store,PAID,FULFILLED,,,False,False,True,shopify_payments,AUD,AU,1,81.2,0.0,True,True,complete_ga4_purchase
6616671289483,STE138451,2026-07-06T00:38:22Z,2026-07-06T10:38:22+10:00,2026-07-06,2026-07-06T00:38:19Z,2026-07-06T10:38:19+10:00,web,web,gid://shopify/App/580111,Online Store,REFUNDED,UNFULFILLED,2026-07-06T00:42:16Z,CUSTOMER,False,False,True,shopify_payments,AUD,AU,2,0.0,298.0,True,True,complete_ga4_purchase
6616680726667,STE138452,2026-07-06T00:45:48Z,2026-07-06T10:45:48+10:00,2026-07-06,2026-07-06T00:45:45Z,2026-07-06T10:45:45+10:00,web,web,gid://shopify/App/580111,Online Store,PAID,FULFILLED,,,False,False,True,shopify_payments,AUD,AU,1,113.2,0.0,True,True,complete_ga4_purchase
6616704417931,STE138453,2026-07-06T01:03:47Z,2026-07-06T11:03:47+10:00,2026-07-06,2026-07-06T01:03:43Z,2026-07-06T11:03:43+10:00,web,web,gid://shopify/App/580111,Online Store,PAID,FULFILLED,,,False,False,True,shopify_payments,AUD,AU,2,144.4,0.0,True,True,complete_ga4_purchase
6616725782667,STE138454,2026-07-06T01:21:58Z,2026-07-06T11:21:58+10:00,2026-07-06,2026-07-06T01:21:55Z,2026-07-06T11:21:55+10:00,web,web,gid://shopify/App/580111,Online Store,PAID,FULFILLED,,,False,False,True,shopify_payments,AUD,AU,3,405.6,0.0,True,True,complete_ga4_purchase
6616730370187,STE138455,2026-07-06T01:26:13Z,2026-07-06T11:26:13+10:00,2026-07-06,2026-07-06T01:26:09Z,2026-07-06T11:26:09+10:00,web,web,gid://shopify/App/580111,Online Store,PAID,FULFILLED,,,False,False,True,shopify_payments,AUD,AU,1,137.2,0.0,False,False,absent_from_ga4
6616731713675,STE138456,2026-07-06T01:27:24Z,2026-07-06T11:27:24+10:00,2026-07-06,2026-07-06T01:27:21Z,2026-07-06T11:27:21+10:00,web,web,gid://shopify/App/580111,Online Store,PAID,FULFILLED,,,False,False,True,shopify_payments,AUD,AU,1,97.2,0.0,True,True,complete_ga4_purchase
6616732696715,STE138457,2026-07-06T01:28:26Z,2026-07-06T11:28:26+10:00,2026-07-06,2026-07-06T01:28:21Z,2026-07-06T11:28:21+10:00,web,web,gid://shopify/App/580111,Online Store,PAID,FULFILLED,,,False,False,True,shopify_payments,NZD,NZ,2,191.53,0.0,True,True,complete_ga4_purchase
6616733286539,STE138458,2026-07-06T01:28:54Z,2026-07-06T11:28:54+10:00,2026-07-06,2026-07-06T01:28:50Z,2026-07-06T11:28:50+10:00,web,web,gid://shopify/App/580111,Online Store,PAID,FULFILLED,,,False,False,True,shopify_payments,AUD,AU,1,145.2,0.0,True,True,complete_ga4_purchase
6616739315851,STE138459,2026-07-06T01:33:57Z,2026-07-06T11:33:57+10:00,2026-07-06,2026-07-06T01:33:54Z,2026-07-06T11:33:54+10:00,web,web,gid://shopify/App/580111,Online Store,PAID,FULFILLED,,,False,False,True,shopify_payments,AUD,AU,1,73.2,0.0,True,True,complete_ga4_purchase
6616766775435,STE138460,2026-07-06T01:59:03Z,2026-07-06T11:59:03+10:00,2026-07-06,2026-07-06T01:58:59Z,2026-07-06T11:58:59+10:00,web,web,gid://shopify/App/580111,Online Store,PAID,FULFILLED,,,False,False,True,shopify_payments,AUD,AU,1,65.2,0.0,False,False,absent_from_ga4
6616767856779,STE138461,2026-07-06T02:00:18Z,2026-07-06T12:00:18+10:00,2026-07-06,2026-07-06T02:00:17Z,2026-07-06T12:00:17+10:00,web,web,gid://shopify/App/580111,Online Store,PARTIALLY_REFUNDED,FULFILLED,,,False,True,True,Airwallex Afterpay,AUD,AU,2,211.95,156.05,True,True,complete_ga4_purchase
6616825561227,STE138462,2026-07-06T02:49:19Z,2026-07-06T12:49:19+10:00,2026-07-06,2026-07-06T02:49:18Z,2026-07-06T12:49:18+10:00,web,web,gid://shopify/App/580111,Online Store,PAID,FULFILLED,,,False,False,True,Airwallex Klarna,CAD,CA,1,261.95,0.0,True,True,complete_ga4_purchase
6616842043531,STE138463,2026-07-06T03:03:57Z,2026-07-06T13:03:57+10:00,2026-07-06,2026-07-06T03:03:56Z,2026-07-06T13:03:56+10:00,web,web,gid://shopify/App/580111,Online Store,PAID,FULFILLED,,,False,False,True,Airwallex Afterpay,AUD,AU,2,248.4,0.0,True,True,complete_ga4_purchase
6616852037771,STE138464,2026-07-06T03:14:34Z,2026-07-06T13:14:34+10:00,2026-07-06,2026-07-06T03:14:33Z,2026-07-06T13:14:33+10:00,web,web,gid://shopify/App/580111,Online Store,PAID,FULFILLED,,,False,False,True,paypal,AUD,AU,1,229.0,0.0,True,True,complete_ga4_purchase
6616866947211,STE138465,2026-07-06T03:27:40Z,2026-07-06T13:27:40+10:00,2026-07-06,2026-07-06T03:27:36Z,2026-07-06T13:27:36+10:00,web,web,gid://shopify/App/580111,Online Store,PAID,FULFILLED,,,False,False,True,shopify_payments,AUD,AU,2,256.2,0.0,True,True,complete_ga4_purchase
6616882184331,STE138466,2026-07-06T03:40:33Z,2026-07-06T13:40:33+10:00,2026-07-06,2026-07-06T03:40:30Z,2026-07-06T13:40:30+10:00,web,web,gid://shopify/App/580111,Online Store,PAID,FULFILLED,,,False,False,True,shopify_payments,AUD,AU,1,179.0,0.0,True,True,complete_ga4_purchase
6616904171659,STE138467,2026-07-06T04:00:55Z,2026-07-06T14:00:55+10:00,2026-07-06,2026-07-06T04:00:54Z,2026-07-06T14:00:54+10:00,web,web,gid://shopify/App/580111,Online Store,PAID,FULFILLED,,,False,False,True,paypal,AUD,AU,1,81.2,0.0,True,True,complete_ga4_purchase
6616943001739,STE138468,2026-07-06T04:32:27Z,2026-07-06T14:32:27+10:00,2026-07-06,2026-07-06T04:32:26Z,2026-07-06T14:32:26+10:00,web,web,gid://shopify/App/580111,Online Store,PAID,FULFILLED,,,False,False,True,Airwallex Klarna,EUR,BE,2,348.54,0.0,True,True,complete_ga4_purchase
6616974295179,STE138469,2026-07-06T04:46:44Z,2026-07-06T14:46:44+10:00,2026-07-06,2026-07-06T04:46:39Z,2026-07-06T14:46:39+10:00,web,web,gid://shopify/App/580111,Online Store,PAID,FULFILLED,,,False,False,True,shopify_payments,AUD,AU,2,278.0,0.0,True,True,complete_ga4_purchase
6616980783243,STE138470,2026-07-06T04:54:12Z,2026-07-06T14:54:12+10:00,2026-07-06,2026-07-06T04:54:06Z,2026-07-06T14:54:06+10:00,web,web,gid://shopify/App/580111,Online Store,PAID,FULFILLED,,,False,False,True,shopify_payments,AUD,AU,2,152.4,0.0,True,True,complete_ga4_purchase
6617057394827,STE138471,2026-07-06T05:16:09Z,2026-07-06T15:16:09+10:00,2026-07-06,2026-07-06T05:16:04Z,2026-07-06T15:16:04+10:00,web,web,gid://shopify/App/580111,Online Store,PAID,FULFILLED,,,False,False,True,shopify_payments,AUD,AU,1,81.2,0.0,True,True,complete_ga4_purchase
6617104842891,STE138472,2026-07-06T05:54:00Z,2026-07-06T15:54:00+10:00,2026-07-06,2026-07-06T05:53:56Z,2026-07-06T15:53:56+10:00,web,web,gid://shopify/App/580111,Online Store,PAID,FULFILLED,,,False,False,True,shopify_payments,AUD,AU,2,200.4,0.0,True,True,complete_ga4_purchase
6617163923595,STE138473,2026-07-06T07:10:33Z,2026-07-06T17:10:33+10:00,2026-07-06,2026-07-06T07:10:29Z,2026-07-06T17:10:29+10:00,web,web,gid://shopify/App/580111,Online Store,PAID,FULFILLED,,,False,False,True,shopify_payments,AUD,AU,1,113.2,0.0,True,True,complete_ga4_purchase
6617182044299,STE138474,2026-07-06T07:23:31Z,2026-07-06T17:23:31+10:00,2026-07-06,2026-07-06T07:23:30Z,2026-07-06T17:23:30+10:00,web,web,gid://shopify/App/580111,Online Store,PAID,FULFILLED,,,False,False,True,Airwallex Afterpay,AUD,AU,1,121.2,0.0,True,True,complete_ga4_purchase
6617193185419,STE138475,2026-07-06T07:38:02Z,2026-07-06T17:38:02+10:00,2026-07-06,2026-07-06T07:37:58Z,2026-07-06T17:37:58+10:00,web,web,gid://shopify/App/580111,Online Store,PAID,FULFILLED,,,False,False,True,shopify_payments,AUD,AU,3,293.6,0.0,True,True,complete_ga4_purchase
6617206947979,STE138476,2026-07-06T07:54:55Z,2026-07-06T17:54:55+10:00,2026-07-06,2026-07-06T07:54:50Z,2026-07-06T17:54:50+10:00,web,web,gid://shopify/App/580111,Online Store,PAID,FULFILLED,,,False,False,True,shopify_payments,AUD,AU,1,119.0,0.0,False,False,absent_from_ga4
6617246072971,STE138477,2026-07-06T08:16:40Z,2026-07-06T18:16:40+10:00,2026-07-06,2026-07-06T08:16:36Z,2026-07-06T18:16:36+10:00,web,web,gid://shopify/App/580111,Online Store,PAID,FULFILLED,,,False,False,True,shopify_payments,AUD,AU,1,162.1,0.0,False,False,absent_from_ga4
6617261768843,STE138478,2026-07-06T08:36:45Z,2026-07-06T18:36:45+10:00,2026-07-06,2026-07-06T08:36:41Z,2026-07-06T18:36:41+10:00,web,web,gid://shopify/App/580111,Online Store,PAID,FULFILLED,,,False,False,True,shopify_payments,AUD,AU,2,176.4,0.0,True,True,complete_ga4_purchase
6617273630859,STE138479,2026-07-06T08:54:27Z,2026-07-06T18:54:27+10:00,2026-07-06,2026-07-06T08:54:25Z,2026-07-06T18:54:25+10:00,web,web,gid://shopify/App/580111,Online Store,PAID,FULFILLED,,,False,False,True,Airwallex Afterpay,AUD,AU,1,179.0,0.0,True,True,complete_ga4_purchase
6617287557259,STE138480,2026-07-06T09:09:16Z,2026-07-06T19:09:16+10:00,2026-07-06,2026-07-06T09:09:13Z,2026-07-06T19:09:13+10:00,web,web,gid://shopify/App/580111,Online Store,PAID,FULFILLED,,,False,False,True,shopify_payments,GBP,GB,1,206.63,0.0,True,True,complete_ga4_purchase
6617312198795,STE138481,2026-07-06T09:35:06Z,2026-07-06T19:35:06+10:00,2026-07-06,2026-07-06T09:35:02Z,2026-07-06T19:35:02+10:00,web,web,gid://shopify/App/580111,Online Store,PAID,FULFILLED,,,False,False,True,gift_card|shopify_payments,AUD,AU,1,81.2,0.0,True,True,complete_ga4_purchase
6617328189579,STE138482,2026-07-06T09:53:22Z,2026-07-06T19:53:22+10:00,2026-07-06,2026-07-06T09:53:18Z,2026-07-06T19:53:18+10:00,web,web,gid://shopify/App/580111,Online Store,PAID,FULFILLED,,,False,False,True,shopify_payments,AUD,AU,2,176.4,0.0,True,True,complete_ga4_purchase
6617361285259,STE138483,2026-07-06T10:35:51Z,2026-07-06T20:35:51+10:00,2026-07-06,2026-07-06T10:35:45Z,2026-07-06T20:35:45+10:00,web,web,gid://shopify/App/580111,Online Store,PAID,FULFILLED,,,False,False,True,shopify_payments,GBP,GB,1,146.6,0.0,True,True,complete_ga4_purchase
6617363054731,STE138484,2026-07-06T10:38:28Z,2026-07-06T20:38:28+10:00,2026-07-06,2026-07-06T10:38:23Z,2026-07-06T20:38:23+10:00,web,web,gid://shopify/App/580111,Online Store,PARTIALLY_REFUNDED,FULFILLED,,,False,True,True,shopify_payments,AUD,AU,3,299.15,184.15,True,True,complete_ga4_purchase
6617377210507,STE138485,2026-07-06T10:57:40Z,2026-07-06T20:57:40+10:00,2026-07-06,2026-07-06T10:57:39Z,2026-07-06T20:57:39+10:00,web,web,gid://shopify/App/580111,Online Store,PAID,FULFILLED,,,False,False,True,Airwallex Afterpay,AUD,AU,1,131.2,0.0,True,True,complete_ga4_purchase
6617384976523,STE138486,2026-07-06T11:07:24Z,2026-07-06T21:07:24+10:00,2026-07-06,2026-07-06T11:07:20Z,2026-07-06T21:07:20+10:00,web,web,gid://shopify/App/580111,Online Store,PAID,FULFILLED,,,False,False,True,shopify_payments,AUD,AU,2,192.4,0.0,True,True,complete_ga4_purchase
6617386483851,STE138487,2026-07-06T11:08:53Z,2026-07-06T21:08:53+10:00,2026-07-06,2026-07-06T11:08:49Z,2026-07-06T21:08:49+10:00,web,web,gid://shopify/App/580111,Online Store,PARTIALLY_REFUNDED,FULFILLED,,,False,True,True,shopify_payments,AUD,AU,1,81.2,17.8,True,True,complete_ga4_purchase
6617396871307,STE138488,2026-07-06T11:21:06Z,2026-07-06T21:21:06+10:00,2026-07-06,2026-07-06T11:21:04Z,2026-07-06T21:21:04+10:00,web,web,gid://shopify/App/580111,Online Store,PAID,FULFILLED,,,False,False,True,paypal,AUD,AU,1,81.2,0.0,False,False,absent_from_ga4
6617409061003,STE138489,2026-07-06T11:32:17Z,2026-07-06T21:32:17+10:00,2026-07-06,2026-07-06T11:32:13Z,2026-07-06T21:32:13+10:00,web,web,gid://shopify/App/580111,Online Store,PAID,FULFILLED,,,False,False,True,shopify_payments,DKK,DK,1,213.94,0.0,True,True,complete_ga4_purchase
6617420038283,STE138490,2026-07-06T11:41:30Z,2026-07-06T21:41:30+10:00,2026-07-06,2026-07-06T11:41:26Z,2026-07-06T21:41:26+10:00,web,web,gid://shopify/App/580111,Online Store,PAID,FULFILLED,,,False,False,True,shopify_payments,AUD,AU,2,294.1,0.0,True,True,complete_ga4_purchase
6617448284299,STE138491,2026-07-06T11:55:41Z,2026-07-06T21:55:41+10:00,2026-07-06,2026-07-06T11:55:39Z,2026-07-06T21:55:39+10:00,web,web,gid://shopify/App/580111,Online Store,PARTIALLY_REFUNDED,FULFILLED,,,False,True,True,Airwallex Afterpay,AUD,AU,2,354.2,33.8,True,True,complete_ga4_purchase
6617496322187,STE138492,2026-07-06T12:21:30Z,2026-07-06T22:21:30+10:00,2026-07-06,2026-07-06T12:21:25Z,2026-07-06T22:21:25+10:00,web,web,gid://shopify/App/580111,Online Store,PAID,FULFILLED,,,False,False,True,shopify_payments,AUD,AU,3,191.6,0.0,True,True,complete_ga4_purchase
6617503301771,STE138493,2026-07-06T12:25:25Z,2026-07-06T22:25:25+10:00,2026-07-06,2026-07-06T12:25:21Z,2026-07-06T22:25:21+10:00,web,web,gid://shopify/App/580111,Online Store,PAID,FULFILLED,,,False,False,True,shopify_payments,AUD,AU,2,136.4,0.0,True,True,complete_ga4_purchase
6617546457227,STE138494,2026-07-06T12:54:19Z,2026-07-06T22:54:19+10:00,2026-07-06,2026-07-06T12:54:15Z,2026-07-06T22:54:15+10:00,web,web,gid://shopify/App/580111,Online Store,PAID,FULFILLED,,,False,False,True,shopify_payments,AUD,AU,1,81.2,0.0,True,True,complete_ga4_purchase
6617630113931,STE138495,2026-07-06T13:34:41Z,2026-07-06T23:34:41+10:00,2026-07-06,2026-07-06T13:34:39Z,2026-07-06T23:34:39+10:00,web,web,gid://shopify/App/580111,Online Store,PAID,FULFILLED,,,False,False,True,paypal,AUD,AU,2,278.0,0.0,True,True,complete_ga4_purchase
6617651314827,STE138496,2026-07-06T13:48:52Z,2026-07-06T23:48:52+10:00,2026-07-06,2026-07-06T13:48:46Z,2026-07-06T23:48:46+10:00,web,web,gid://shopify/App/580111,Online Store,PAID,FULFILLED,,,False,False,True,shopify_payments,AUD,AU,2,208.0,0.0,True,True,complete_ga4_purchase
6617662062731,STE138497,2026-07-06T13:55:59Z,2026-07-06T23:55:59+10:00,2026-07-06,2026-07-06T13:55:55Z,2026-07-06T23:55:55+10:00,web,web,gid://shopify/App/580111,Online Store,PAID,FULFILLED,,,False,False,True,shopify_payments,AUD,AU,4,536.0,0.0,True,True,complete_ga4_purchase
6617729564811,STE138498,2026-07-06T14:39:03Z,2026-07-07T00:39:03+10:00,2026-07-07,2026-07-06T14:38:59Z,2026-07-07T00:38:59+10:00,web,web,gid://shopify/App/580111,Online Store,PAID,FULFILLED,,,False,False,True,shopify_payments,AUD,AU,2,220.0,0.0,True,True,complete_ga4_purchase
6617764757643,STE138499,2026-07-06T15:01:45Z,2026-07-07T01:01:45+10:00,2026-07-07,2026-07-06T15:01:39Z,2026-07-07T01:01:39+10:00,web,web,gid://shopify/App/580111,Online Store,PARTIALLY_REFUNDED,FULFILLED,,,False,False,True,shopify_payments,AUD,AU,1,10.0,119.2,True,True,complete_ga4_purchase
6617775636619,STE138500,2026-07-06T15:08:49Z,2026-07-07T01:08:49+10:00,2026-07-07,2026-07-06T15:08:45Z,2026-07-07T01:08:45+10:00,web,web,gid://shopify/App/580111,Online Store,PAID,FULFILLED,,,False,False,True,shopify_payments,AUD,AU,2,122.4,0.0,True,True,complete_ga4_purchase
6618200408203,STE138501,2026-07-06T19:23:46Z,2026-07-07T05:23:46+10:00,2026-07-07,2026-07-06T19:23:44Z,2026-07-07T05:23:44+10:00,web,web,gid://shopify/App/580111,Online Store,PAID,FULFILLED,,,False,False,True,paypal,AUD,AU,1,81.2,0.0,True,True,complete_ga4_purchase
6618384793739,STE138502,2026-07-06T21:17:50Z,2026-07-07T07:17:50+10:00,2026-07-07,2026-07-06T21:17:46Z,2026-07-07T07:17:46+10:00,web,web,gid://shopify/App/580111,Online Store,PAID,FULFILLED,,,False,False,True,shopify_payments,AUD,AU,2,226.4,0.0,True,True,complete_ga4_purchase
6618394919051,STE138503,2026-07-06T21:24:53Z,2026-07-07T07:24:53+10:00,2026-07-07,2026-07-06T21:24:51Z,2026-07-07T07:24:51+10:00,web,web,gid://shopify/App/580111,Online Store,PAID,FULFILLED,,,False,False,True,Airwallex Afterpay,AUD,AU,1,191.1,0.0,True,True,complete_ga4_purchase
6618410582155,STE138504,2026-07-06T21:36:02Z,2026-07-07T07:36:02+10:00,2026-07-07,2026-07-06T21:35:58Z,2026-07-07T07:35:58+10:00,web,web,gid://shopify/App/580111,Online Store,PAID,FULFILLED,,,False,False,True,shopify_payments,AUD,AU,1,69.0,0.0,True,True,complete_ga4_purchase
6618481983627,STE138505,2026-07-06T22:33:03Z,2026-07-07T08:33:03+10:00,2026-07-07,2026-07-06T22:33:02Z,2026-07-07T08:33:02+10:00,web,web,gid://shopify/App/580111,Online Store,PAID,FULFILLED,,,False,False,True,Airwallex Klarna,AUD,AU,2,268.0,0.0,True,True,complete_ga4_purchase
6618500857995,STE138506,2026-07-06T22:48:46Z,2026-07-07T08:48:46+10:00,2026-07-07,2026-07-06T22:48:41Z,2026-07-07T08:48:41+10:00,web,web,gid://shopify/App/580111,Online Store,PAID,FULFILLED,,,False,False,True,shopify_payments,AUD,AU,1,145.2,0.0,True,True,complete_ga4_purchase
6618506461323,STE138507,2026-07-06T22:54:08Z,2026-07-07T08:54:08+10:00,2026-07-07,2026-07-06T22:54:04Z,2026-07-07T08:54:04+10:00,web,web,gid://shopify/App/580111,Online Store,PAID,FULFILLED,,,False,False,True,shopify_payments,GBP,GB,1,175.94,0.0,True,True,complete_ga4_purchase
6618528546955,STE138508,2026-07-06T23:13:23Z,2026-07-07T09:13:23+10:00,2026-07-07,2026-07-06T23:13:17Z,2026-07-07T09:13:17+10:00,web,web,gid://shopify/App/580111,Online Store,PAID,FULFILLED,,,False,False,True,shopify_payments,AUD,AU,1,209.1,0.0,True,True,complete_ga4_purchase
6618548043915,STE138509,2026-07-06T23:28:57Z,2026-07-07T09:28:57+10:00,2026-07-07,2026-07-06T23:28:53Z,2026-07-07T09:28:53+10:00,web,web,gid://shopify/App/580111,Online Store,PAID,FULFILLED,,,False,False,True,shopify_payments,AUD,AU,2,218.0,0.0,True,True,complete_ga4_purchase
6618579992715,STE138510,2026-07-06T23:55:17Z,2026-07-07T09:55:17+10:00,2026-07-07,2026-07-06T23:55:15Z,2026-07-07T09:55:15+10:00,web,web,gid://shopify/App/580111,Online Store,PAID,FULFILLED,,,False,False,True,shopify_payments,AUD,AU,2,168.0,0.0,True,True,complete_ga4_purchase
6618651328651,STE138511,2026-07-07T00:55:21Z,2026-07-07T10:55:21+10:00,2026-07-07,2026-07-07T00:55:17Z,2026-07-07T10:55:17+10:00,web,web,gid://shopify/App/580111,Online Store,PAID,FULFILLED,,,False,False,True,shopify_payments,AUD,AU,1,189.1,0.0,True,True,complete_ga4_purchase
6618771619979,STE138512,2026-07-07T02:33:49Z,2026-07-07T12:33:49+10:00,2026-07-07,2026-07-07T02:33:49Z,2026-07-07T12:33:49+10:00,shopify_draft_order,shopify-draft-orders,gid://shopify/App/1354745,Draft Orders,PAID,FULFILLED,,,False,False,True,,AUD,AU,2,0.0,0.0,False,False,absent_from_ga4
6618773586059,STE138513,2026-07-07T02:35:46Z,2026-07-07T12:35:46+10:00,2026-07-07,2026-07-07T02:35:46Z,2026-07-07T12:35:46+10:00,shopify_draft_order,shopify-draft-orders,gid://shopify/App/1354745,Draft Orders,PAID,FULFILLED,,,False,False,True,,NZD,NZ,2,0.0,0.0,False,False,absent_from_ga4
6618777419915,STE138514,2026-07-07T02:39:15Z,2026-07-07T12:39:15+10:00,2026-07-07,2026-07-07T02:39:15Z,2026-07-07T12:39:15+10:00,shopify_draft_order,shopify-draft-orders,gid://shopify/App/1354745,Draft Orders,PAID,FULFILLED,,,False,False,True,manual,EUR,FR,2,11.86,0.0,False,False,absent_from_ga4
6618785349771,STE138515,2026-07-07T02:45:57Z,2026-07-07T12:45:57+10:00,2026-07-07,2026-07-07T02:45:55Z,2026-07-07T12:45:55+10:00,web,web,gid://shopify/App/580111,Online Store,PAID,FULFILLED,,,False,False,True,paypal,AUD,AU,2,314.2,0.0,True,True,complete_ga4_purchase
6618785546379,STE138516,2026-07-07T02:46:03Z,2026-07-07T12:46:03+10:00,2026-07-07,2026-07-07T02:46:03Z,2026-07-07T12:46:03+10:00,shopify_draft_order,shopify-draft-orders,gid://shopify/App/1354745,Draft Orders,PAID,FULFILLED,,,False,False,True,,AUD,AU,3,0.0,0.0,False,False,absent_from_ga4
6618804060299,STE138517,2026-07-07T03:04:09Z,2026-07-07T13:04:09+10:00,2026-07-07,2026-07-07T03:04:05Z,2026-07-07T13:04:05+10:00,web,web,gid://shopify/App/580111,Online Store,PAID,FULFILLED,,,False,False,True,shopify_payments,AUD,AU,3,151.6,0.0,True,True,complete_ga4_purchase
6618831913099,STE138518,2026-07-07T03:32:13Z,2026-07-07T13:32:13+10:00,2026-07-07,2026-07-07T03:32:10Z,2026-07-07T13:32:10+10:00,web,web,gid://shopify/App/580111,Online Store,PAID,FULFILLED,,,False,False,True,shopify_payments,NZD,NZ,1,176.19,0.0,True,True,complete_ga4_purchase
6618931167371,STE138519,2026-07-07T04:44:14Z,2026-07-07T14:44:14+10:00,2026-07-07,2026-07-07T04:44:13Z,2026-07-07T14:44:13+10:00,web,web,gid://shopify/App/580111,Online Store,PAID,FULFILLED,,,False,False,True,shopify_payments|Airwallex Afterpay,AUD,AU,1,137.2,0.0,True,True,complete_ga4_purchase
6618943193227,STE138520,2026-07-07T04:56:10Z,2026-07-07T14:56:10+10:00,2026-07-07,2026-07-07T04:56:05Z,2026-07-07T14:56:05+10:00,web,web,gid://shopify/App/580111,Online Store,PAID,FULFILLED,,,False,False,True,paypal|shopify_payments,AUD,AU,1,189.1,0.0,True,True,complete_ga4_purchase
6619000864907,STE138521,2026-07-07T05:11:49Z,2026-07-07T15:11:49+10:00,2026-07-07,2026-07-07T05:11:48Z,2026-07-07T15:11:48+10:00,web,web,gid://shopify/App/580111,Online Store,PAID,FULFILLED,,,False,False,True,Airwallex Afterpay,AUD,AU,2,251.2,0.0,True,True,complete_ga4_purchase
6619049164939,STE138522,2026-07-07T05:34:40Z,2026-07-07T15:34:40+10:00,2026-07-07,2026-07-07T05:34:37Z,2026-07-07T15:34:37+10:00,web,web,gid://shopify/App/580111,Online Store,PAID,FULFILLED,,,False,False,True,shopify_payments,AUD,AU,1,97.2,0.0,True,True,complete_ga4_purchase
6619062272139,STE138523,2026-07-07T05:47:39Z,2026-07-07T15:47:39+10:00,2026-07-07,2026-07-07T05:47:36Z,2026-07-07T15:47:36+10:00,3890849,shop-72,gid://shopify/App/3890849,Shop,PAID,FULFILLED,,,False,False,True,shopify_payments,AUD,AU,1,81.2,0.0,False,False,absent_from_ga4
6619075379339,STE138524,2026-07-07T06:00:49Z,2026-07-07T16:00:49+10:00,2026-07-07,2026-07-07T06:00:48Z,2026-07-07T16:00:48+10:00,web,web,gid://shopify/App/580111,Online Store,PAID,FULFILLED,,,False,False,True,paypal,AUD,AU,1,137.2,0.0,True,True,complete_ga4_purchase
6619083636875,STE138525,2026-07-07T06:11:29Z,2026-07-07T16:11:29+10:00,2026-07-07,2026-07-07T06:11:28Z,2026-07-07T16:11:28+10:00,web,web,gid://shopify/App/580111,Online Store,PAID,FULFILLED,,,False,False,True,paypal,AUD,AU,2,120.4,0.0,True,True,complete_ga4_purchase
6619089698955,STE138526,2026-07-07T06:19:21Z,2026-07-07T16:19:21+10:00,2026-07-07,2026-07-07T06:19:20Z,2026-07-07T16:19:20+10:00,web,web,gid://shopify/App/580111,Online Store,PAID,FULFILLED,,,False,False,True,Airwallex Afterpay,AUD,AU,1,245.1,0.0,True,True,complete_ga4_purchase
6619146092683,STE138527,2026-07-07T07:17:32Z,2026-07-07T17:17:32+10:00,2026-07-07,2026-07-07T07:17:28Z,2026-07-07T17:17:28+10:00,web,web,gid://shopify/App/580111,Online Store,PAID,FULFILLED,,,False,False,True,shopify_payments,NZD,NZ,1,109.68,0.0,True,True,complete_ga4_purchase
6619204911243,STE138528,2026-07-07T08:08:55Z,2026-07-07T18:08:55+10:00,2026-07-07,2026-07-07T08:08:54Z,2026-07-07T18:08:54+10:00,web,web,gid://shopify/App/580111,Online Store,PARTIALLY_REFUNDED,FULFILLED,,,False,True,True,paypal,AUD,AU,1,24.95,186.05,True,True,complete_ga4_purchase
6619210809483,STE138529,2026-07-07T08:16:46Z,2026-07-07T18:16:46+10:00,2026-07-07,2026-07-07T08:16:42Z,2026-07-07T18:16:42+10:00,web,web,gid://shopify/App/580111,Online Store,PAID,FULFILLED,,,False,False,True,shopify_payments,AUD,AU,1,113.2,0.0,True,True,complete_ga4_purchase
6619217297547,STE138530,2026-07-07T08:25:07Z,2026-07-07T18:25:07+10:00,2026-07-07,2026-07-07T08:25:05Z,2026-07-07T18:25:05+10:00,web,web,gid://shopify/App/580111,Online Store,PAID,FULFILLED,,,False,False,True,Airwallex Afterpay,AUD,AU,1,131.2,0.0,True,True,complete_ga4_purchase
6619236728971,STE138531,2026-07-07T08:52:10Z,2026-07-07T18:52:10+10:00,2026-07-07,2026-07-07T08:52:06Z,2026-07-07T18:52:06+10:00,web,web,gid://shopify/App/580111,Online Store,PAID,FULFILLED,,,False,False,True,shopify_payments,AUD,AU,1,162.1,0.0,True,True,complete_ga4_purchase
6619237384331,STE138532,2026-07-07T08:53:01Z,2026-07-07T18:53:01+10:00,2026-07-07,2026-07-07T08:52:59Z,2026-07-07T18:52:59+10:00,web,web,gid://shopify/App/580111,Online Store,PAID,FULFILLED,,,False,False,True,Airwallex Afterpay,AUD,AU,1,65.2,0.0,True,True,complete_ga4_purchase
6619239448715,STE138533,2026-07-07T08:55:02Z,2026-07-07T18:55:02+10:00,2026-07-07,2026-07-07T08:55:01Z,2026-07-07T18:55:01+10:00,web,web,gid://shopify/App/580111,Online Store,PAID,FULFILLED,,,False,False,True,Airwallex Afterpay,AUD,AU,2,96.4,0.0,True,True,complete_ga4_purchase
6619243479179,STE138534,2026-07-07T08:59:46Z,2026-07-07T18:59:46+10:00,2026-07-07,2026-07-07T08:59:41Z,2026-07-07T18:59:41+10:00,web,web,gid://shopify/App/580111,Online Store,PAID,FULFILLED,,,False,False,True,shopify_payments,AUD,AU,1,169.0,0.0,True,True,complete_ga4_purchase
6619253342347,STE138535,2026-07-07T09:14:03Z,2026-07-07T19:14:03+10:00,2026-07-07,2026-07-07T09:13:59Z,2026-07-07T19:13:59+10:00,web,web,gid://shopify/App/580111,Online Store,PAID,FULFILLED,,,False,False,True,shopify_payments,AUD,AU,1,189.0,0.0,True,True,complete_ga4_purchase
6619275559051,STE138536,2026-07-07T09:42:48Z,2026-07-07T19:42:48+10:00,2026-07-07,2026-07-07T09:42:44Z,2026-07-07T19:42:44+10:00,web,web,gid://shopify/App/580111,Online Store,PAID,FULFILLED,,,False,False,True,shopify_payments,AUD,AU,1,137.2,0.0,True,True,complete_ga4_purchase
6619299643531,STE138537,2026-07-07T10:12:39Z,2026-07-07T20:12:39+10:00,2026-07-07,2026-07-07T10:12:35Z,2026-07-07T20:12:35+10:00,web,web,gid://shopify/App/580111,Online Store,PAID,FULFILLED,,,False,False,True,shopify_payments,AUD,AU,2,144.4,0.0,True,True,complete_ga4_purchase
6619303182475,STE138538,2026-07-07T10:17:48Z,2026-07-07T20:17:48+10:00,2026-07-07,2026-07-07T10:17:43Z,2026-07-07T20:17:43+10:00,web,web,gid://shopify/App/580111,Online Store,PAID,FULFILLED,,,False,False,True,shopify_payments,AUD,AU,1,81.2,0.0,False,False,absent_from_ga4
6619306754187,STE138539,2026-07-07T10:21:50Z,2026-07-07T20:21:50+10:00,2026-07-07,2026-07-07T10:21:46Z,2026-07-07T20:21:46+10:00,web,web,gid://shopify/App/580111,Online Store,PAID,FULFILLED,,,False,False,True,shopify_payments,AUD,AU,1,97.2,0.0,True,True,complete_ga4_purchase
6619319730315,STE138540,2026-07-07T10:36:05Z,2026-07-07T20:36:05+10:00,2026-07-07,2026-07-07T10:36:01Z,2026-07-07T20:36:01+10:00,web,web,gid://shopify/App/580111,Online Store,PAID,FULFILLED,,,False,False,True,shopify_payments,AUD,AU,1,10.0,0.0,True,True,complete_ga4_purchase
6619320451211,STE138541,2026-07-07T10:37:00Z,2026-07-07T20:37:00+10:00,2026-07-07,2026-07-07T10:36:56Z,2026-07-07T20:36:56+10:00,web,web,gid://shopify/App/580111,Online Store,PAID,FULFILLED,,,False,False,True,shopify_payments,AUD,AU,1,259.0,0.0,True,True,complete_ga4_purchase
6619342176395,STE138542,2026-07-07T10:59:57Z,2026-07-07T20:59:57+10:00,2026-07-07,2026-07-07T10:59:51Z,2026-07-07T20:59:51+10:00,web,web,gid://shopify/App/580111,Online Store,PAID,FULFILLED,,,False,False,True,shopify_payments,AUD,AU,2,258.0,0.0,True,True,complete_ga4_purchase
6619352105099,STE138543,2026-07-07T11:09:13Z,2026-07-07T21:09:13+10:00,2026-07-07,2026-07-07T11:09:09Z,2026-07-07T21:09:09+10:00,web,web,gid://shopify/App/580111,Online Store,PAID,FULFILLED,,,False,False,True,shopify_payments,AUD,AU,3,387.0,0.0,True,True,complete_ga4_purchase
6619352957067,STE138544,2026-07-07T11:10:04Z,2026-07-07T21:10:04+10:00,2026-07-07,2026-07-07T11:10:00Z,2026-07-07T21:10:00+10:00,web,web,gid://shopify/App/580111,Online Store,PAID,FULFILLED,,,False,False,True,shopify_payments,AUD,AU,1,73.2,0.0,True,True,complete_ga4_purchase
6619354562699,STE138545,2026-07-07T11:11:38Z,2026-07-07T21:11:38+10:00,2026-07-07,2026-07-07T11:11:36Z,2026-07-07T21:11:36+10:00,web,web,gid://shopify/App/580111,Online Store,PAID,FULFILLED,,,False,False,True,Airwallex Afterpay,AUD,AU,2,176.4,0.0,True,True,complete_ga4_purchase
6619359969419,STE138546,2026-07-07T11:16:40Z,2026-07-07T21:16:40+10:00,2026-07-07,2026-07-07T11:16:36Z,2026-07-07T21:16:36+10:00,web,web,gid://shopify/App/580111,Online Store,PAID,FULFILLED,,,False,False,True,shopify_payments,AUD,AU,1,89.2,0.0,True,True,complete_ga4_purchase
6619368554635,STE138547,2026-07-07T11:25:03Z,2026-07-07T21:25:03+10:00,2026-07-07,2026-07-07T11:24:59Z,2026-07-07T21:24:59+10:00,web,web,gid://shopify/App/580111,Online Store,PAID,FULFILLED,,,False,False,True,shopify_payments,AUD,AU,2,136.4,0.0,False,False,absent_from_ga4
6619374321803,STE138548,2026-07-07T11:30:20Z,2026-07-07T21:30:20+10:00,2026-07-07,2026-07-07T11:30:16Z,2026-07-07T21:30:16+10:00,web,web,gid://shopify/App/580111,Online Store,PAID,FULFILLED,,,False,False,True,shopify_payments,AUD,AU,4,412.8,0.0,True,True,complete_ga4_purchase
6619407483019,STE138549,2026-07-07T12:00:50Z,2026-07-07T22:00:50+10:00,2026-07-07,2026-07-07T12:00:46Z,2026-07-07T22:00:46+10:00,web,web,gid://shopify/App/580111,Online Store,PAID,FULFILLED,,,False,False,True,shopify_payments,AUD,AU,2,268.0,0.0,True,True,complete_ga4_purchase
6619449360523,STE138550,2026-07-07T12:34:50Z,2026-07-07T22:34:50+10:00,2026-07-07,2026-07-07T12:34:50Z,2026-07-07T22:34:50+10:00,shopify_draft_order,shopify-draft-orders,gid://shopify/App/1354745,Draft Orders,PAID,FULFILLED,,,False,False,True,manual,AUD,AU,1,109.0,0.0,False,False,absent_from_ga4
6619468365963,STE138551,2026-07-07T12:50:14Z,2026-07-07T22:50:14+10:00,2026-07-07,2026-07-07T12:50:10Z,2026-07-07T22:50:10+10:00,web,web,gid://shopify/App/580111,Online Store,PAID,FULFILLED,,,False,False,True,shopify_payments,AUD,AU,1,129.2,0.0,True,True,complete_ga4_purchase
